new_filename,label,confidence
1736.jpeg,2,1
3397.jpeg,1,1
1446.jpeg,2,1
4619.jpeg,1,1
5639.jpeg,1,1
956.jpeg,0,1
3376.jpeg,0,1
4151.jpeg,1,1
676.jpeg,0,1
4821.jpeg,1,1
632.jpeg,0,1
1263.jpeg,0,1
2044.jpeg,1,1
1819.jpeg,1,1
3065.jpeg,1,1
5690.jpeg,1,1
2675.jpeg,1,1
2466.jpeg,1,1
3369.jpeg,1,1
2959.jpeg,2,1
3977.jpeg,1,1
2653.jpeg,2,1
4033.jpeg,1,1
1739.jpeg,2,1
2871.jpeg,2,1
2142.jpeg,2,1
747.jpeg,0,1
4466.jpeg,1,1
2765.jpeg,1,1
3550.jpeg,1,1
3354.jpeg,0,1
1761.jpeg,2,1
4634.jpeg,2,1
3447.jpeg,1,1
3093.jpeg,1,1
1345.jpeg,0,1
4070.jpeg,1,1
2158.jpeg,1,1
2420.jpeg,1,1
2344.jpeg,1,1
3121.jpeg,1,1
3021.jpeg,1,1
2718.jpeg,1,1
5751.jpeg,1,1
3971.jpeg,1,1
175.jpeg,0,1
5009.jpeg,2,1
5623.jpeg,1,1
5210.jpeg,2,1
4436.jpeg,1,1
2893.jpeg,1,1
716.jpeg,0,1
5536.jpeg,2,1
2464.jpeg,1,1
5151.jpeg,0,1
1863.jpeg,1,1
3481.jpeg,1,1
194.jpeg,0,1
1662.jpeg,2,1
3952.jpeg,2,1
2166.jpeg,2,1
3762.jpeg,1,1
5694.jpeg,1,1
1048.jpeg,0,1
204.jpeg,0,1
1486.jpeg,1,1
5172.jpeg,2,1
3972.jpeg,2,1
512.jpeg,0,1
441.jpeg,0,1
3848.jpeg,1,1
1676.jpeg,0,1
1459.jpeg,1,1
3039.jpeg,1,1
2405.jpeg,1,1
3522.jpeg,1,1
3943.jpeg,1,1
598.jpeg,0,1
2791.jpeg,1,1
1368.jpeg,0,1
5860.jpeg,1,1
1574.jpeg,2,1
989.jpeg,0,1
1684.jpeg,1,1
5143.jpeg,2,1
1350.jpeg,0,1
2695.jpeg,2,1
397.jpeg,0,1
3782.jpeg,1,1
5803.jpeg,2,1
2995.jpeg,1,1
4664.jpeg,1,1
3046.jpeg,1,1
655.jpeg,0,1
3150.jpeg,2,1
1559.jpeg,1,1
172.jpeg,0,1
3520.jpeg,1,1
304.jpeg,0,1
4098.jpeg,2,1
4304.jpeg,1,1
3996.jpeg,1,1
1774.jpeg,2,1
2105.jpeg,1,1
4832.jpeg,2,1
3476.jpeg,1,1
3744.jpeg,2,1
3290.jpeg,1,1
4988.jpeg,1,1
5804.jpeg,2,1
1695.jpeg,1,1
3635.jpeg,1,1
4474.jpeg,1,1
1756.jpeg,1,1
3101.jpeg,1,1
3786.jpeg,1,1
4271.jpeg,1,1
2191.jpeg,2,1
4370.jpeg,1,1
445.jpeg,0,1
3331.jpeg,1,1
864.jpeg,0,1
3455.jpeg,2,1
2570.jpeg,1,1
5478.jpeg,0,1
4953.jpeg,1,1
3984.jpeg,1,1
3408.jpeg,1,1
278.jpeg,0,1
10.jpeg,3,1
4375.jpeg,1,1
5814.jpeg,2,1
2190.jpeg,1,1
4114.jpeg,0,1
2039.jpeg,2,1
1282.jpeg,0,1
4237.jpeg,2,1
2890.jpeg,2,1
2757.jpeg,2,1
4801.jpeg,2,1
4274.jpeg,1,1
4238.jpeg,1,1
3260.jpeg,0,1
2153.jpeg,2,1
3003.jpeg,1,1
308.jpeg,0,1
3603.jpeg,1,1
5079.jpeg,1,1
1077.jpeg,0,1
213.jpeg,0,1
5718.jpeg,1,1
5201.jpeg,2,1
5516.jpeg,0,1
3025.jpeg,1,1
1201.jpeg,0,1
2656.jpeg,2,1
1151.jpeg,0,1
1398.jpeg,0,1
3871.jpeg,1,1
1217.jpeg,0,1
3037.jpeg,1,1
2878.jpeg,2,1
4289.jpeg,1,1
631.jpeg,0,1
7.jpg,3,1
3500.jpeg,2,1
1855.jpeg,1,1
3909.jpeg,2,1
2517.jpeg,2,1
2338.jpeg,2,1
4327.jpeg,2,1
2052.jpeg,1,1
4585.jpeg,2,1
776.jpeg,0,1
3338.jpeg,2,1
4514.jpeg,2,1
4596.jpeg,1,1
2391.jpeg,2,1
371.jpeg,0,1
5073.jpeg,1,1
139.jpeg,0,1
3821.jpeg,0,1
4937.jpeg,2,1
955.jpeg,0,1
196.jpeg,0,1
4150.jpeg,0,1
3753.jpeg,1,1
5732.jpeg,1,1
4799.jpeg,1,1
1466.jpeg,2,1
18.jpeg,3,1
4496.jpeg,2,1
4154.jpeg,1,1
2116.jpeg,1,1
2722.jpeg,1,1
5887.jpeg,2,1
4679.jpeg,1,1
3055.jpeg,1,1
4575.jpeg,1,1
5716.jpeg,1,1
2136.jpeg,1,1
996.jpeg,0,1
2794.jpeg,1,1
449.jpeg,0,1
2162.jpeg,2,1
111.jpeg,0,1
2335.jpeg,1,1
4837.jpeg,2,1
980.jpeg,0,1
793.jpeg,0,1
4128.jpeg,1,1
5412.jpeg,0,1
2585.jpeg,2,1
4690.jpeg,1,1
4622.jpeg,1,1
3874.jpeg,0,1
537.jpeg,0,1
5483.jpeg,0,1
958.jpeg,0,1
5023.jpeg,1,1
5875.jpeg,2,1
4645.jpeg,2,1
4863.jpeg,1,1
1598.jpeg,1,1
5262.jpeg,1,1
20.jpeg,3,1
2980.jpeg,1,1
5286.jpeg,0,1
2454.jpeg,2,1
4944.jpeg,1,1
1440.jpeg,1,1
4362.jpeg,1,1
1983.jpeg,1,1
2308.jpeg,2,1
575.jpeg,0,1
5381.jpeg,0,1
22.jpeg,3,1
1966.jpeg,2,1
5788.jpeg,2,1
1303.jpeg,0,1
3978.jpeg,2,1
3589.jpeg,1,1
5182.jpeg,2,1
3618.jpeg,1,1
900.jpeg,0,1
5573.jpeg,1,1
3339.jpeg,1,1
2144.jpeg,2,1
2332.jpeg,2,1
826.jpeg,0,1
116.jpeg,0,1
874.jpeg,1,1
3733.jpeg,1,1
5862.jpeg,0,1
5329.jpeg,0,1
3889.jpeg,1,1
2894.jpeg,1,1
420.jpeg,0,1
1370.jpeg,0,1
5429.jpeg,2,1
4322.jpeg,2,1
2716.jpeg,1,1
5226.jpeg,1,1
4911.jpeg,1,1
1259.jpeg,0,1
519.jpeg,0,1
2286.jpeg,2,1
4367.jpeg,1,1
2031.jpeg,2,1
4560.jpeg,1,1
3958.jpeg,1,1
2262.jpeg,2,1
287.jpeg,0,1
268.jpeg,0,1
482.jpeg,0,1
4629.jpeg,1,1
691.jpeg,0,1
2234.jpeg,1,1
791.jpeg,0,1
5333.jpeg,0,1
5539.jpeg,1,1
3647.jpeg,1,1
856.jpeg,0,1
5846.jpeg,1,1
1007.jpeg,0,1
3175.jpeg,1,1
1395.jpeg,0,1
2419.jpeg,1,1
2918.jpeg,2,1
565.jpeg,0,1
4382.jpeg,0,1
2199.jpeg,2,1
5281.jpeg,3,1
5880.jpeg,2,1
617.jpeg,0,1
4545.jpeg,1,1
324.jpeg,0,1
4675.jpeg,1,1
4693.jpeg,1,1
4583.jpeg,1,1
4598.jpeg,1,1
4751.jpeg,2,1
5709.jpeg,1,1
3328.jpeg,1,1
4951.jpeg,1,1
731.jpeg,0,1
1031.jpeg,0,1
3052.jpeg,1,1
349.jpeg,0,1
76.jpeg,0,1
1012.jpeg,0,1
4765.jpeg,1,1
246.jpeg,0,1
5319.jpeg,0,1
4578.jpeg,1,1
5836.jpeg,2,1
423.jpeg,0,1
3363.jpeg,1,1
1047.jpeg,0,1
1210.jpeg,0,1
5523.jpeg,2,1
4632.jpeg,2,1
227.jpeg,0,1
2525.jpeg,2,1
51.jpg,3,1
428.jpeg,0,1
728.jpeg,0,1
4133.jpeg,0,1
618.jpeg,0,1
5446.jpeg,2,1
262.jpeg,0,1
2907.jpeg,1,1
5199.jpeg,2,1
3516.jpeg,1,1
5813.jpeg,2,1
4486.jpeg,1,1
2663.jpeg,2,1
5020.jpeg,1,1
3740.jpeg,2,1
2637.jpeg,2,1
2556.jpeg,2,1
944.jpeg,0,1
2414.jpeg,0,1
5883.jpeg,2,1
2554.jpeg,2,1
5517.jpeg,0,1
952.jpeg,0,1
3907.jpeg,1,1
5743.jpeg,1,1
3028.jpeg,2,1
3593.jpeg,1,1
1004.jpeg,0,1
4762.jpeg,2,1
5726.jpeg,1,1
173.jpeg,0,1
2619.jpeg,2,1
3274.jpeg,1,1
486.jpeg,0,1
2533.jpeg,2,1
3342.jpeg,1,1
2300.jpeg,1,1
1730.jpeg,2,1
4328.jpeg,1,1
4397.jpeg,2,1
2934.jpeg,1,1
4004.jpeg,2,1
3209.jpeg,2,1
4153.jpeg,1,1
3489.jpeg,1,1
5253.jpeg,0,1
3079.jpeg,1,1
3426.jpeg,1,1
4961.jpeg,1,1
1763.jpeg,2,1
1519.jpeg,1,1
5824.jpeg,2,1
2557.jpeg,1,1
3307.jpeg,0,1
2990.jpeg,1,1
1638.jpeg,1,1
4191.jpeg,1,1
1648.jpeg,1,1
1019.jpeg,0,1
5269.jpeg,1,1
4428.jpeg,1,1
5352.jpeg,0,1
3619.jpeg,2,1
1400.jpeg,2,1
1184.jpeg,0,1
3717.jpeg,0,1
374.jpeg,0,1
3317.jpeg,1,1
5506.jpeg,0,1
5345.jpeg,0,1
3805.jpeg,2,1
2988.jpeg,1,1
1337.jpeg,0,1
1793.jpeg,1,1
4411.jpeg,1,1
5773.jpeg,1,1
3323.jpeg,1,1
4359.jpeg,2,1
995.jpeg,0,1
3464.jpeg,1,1
3523.jpeg,1,1
2513.jpeg,1,1
2530.jpeg,2,1
1522.jpeg,1,1
3966.jpeg,2,1
1206.jpeg,0,1
5543.jpeg,1,1
4255.jpeg,2,1
689.jpeg,0,1
3188.jpeg,1,1
2962.jpeg,1,1
5535.jpeg,2,1
5175.jpeg,1,1
1932.jpeg,2,1
912.jpeg,0,1
4500.jpeg,1,1
1431.jpeg,2,1
2645.jpeg,2,1
1194.jpeg,0,1
913.jpeg,0,1
1971.jpeg,1,1
2407.jpeg,1,1
1424.jpeg,1,1
393.jpeg,0,1
5276.jpg,2,1
2596.jpeg,2,1
3327.jpeg,2,1
5040.jpeg,1,1
1032.jpeg,0,1
5378.jpeg,0,1
775.jpeg,0,1
2228.jpeg,1,1
3257.jpeg,1,1
3146.jpeg,2,1
4933.jpeg,1,1
1056.jpeg,0,1
1656.jpeg,2,1
4077.jpeg,1,1
851.jpeg,0,1
171.jpeg,0,1
630.jpeg,0,1
959.jpeg,0,1
591.jpeg,0,1
2913.jpeg,1,1
1008.jpeg,0,1
5757.jpeg,1,1
1173.jpeg,0,1
3044.jpeg,1,1
2211.jpeg,2,1
5615.jpeg,1,1
1510.jpeg,2,1
462.jpeg,0,1
223.jpeg,0,1
5712.jpeg,1,1
2898.jpeg,1,1
4451.jpeg,1,1
1318.jpeg,0,1
5094.jpeg,2,1
5271.jpeg,2,1
1740.jpeg,2,1
725.jpeg,0,1
5505.jpeg,0,1
2285.jpeg,2,1
1995.jpeg,2,1
5115.jpeg,1,1
1566.jpeg,2,1
352.jpeg,0,1
4627.jpeg,2,1
4862.jpeg,1,1
362.jpeg,0,1
3334.jpeg,1,1
4830.jpeg,2,1
2486.jpeg,1,1
5207.jpeg,2,1
4003.jpeg,1,1
5638.jpeg,1,1
1993.jpeg,2,1
3151.jpeg,2,1
4229.jpeg,1,1
3245.jpeg,1,1
1822.jpeg,1,1
5110.jpeg,1,1
945.jpeg,0,1
1857.jpeg,1,1
452.jpeg,0,1
2795.jpeg,2,1
3032.jpeg,1,1
443.jpeg,0,1
558.jpeg,0,1
5729.jpeg,1,1
2828.jpeg,2,1
3929.jpeg,1,1
3844.jpeg,1,1
5896.jpeg,2,1
5379.jpeg,0,1
1703.jpeg,1,1
5552.jpeg,1,1
2365.jpeg,2,1
4392.jpeg,1,1
2738.jpeg,2,1
5624.jpeg,1,1
2366.jpeg,2,1
5197.jpeg,2,1
1498.jpeg,1,1
5068.jpeg,1,1
14.jpeg,3,1
5209.jpeg,2,1
1788.jpeg,2,1
5504.jpeg,0,1
5719.jpeg,1,1
1682.jpeg,1,1
3024.jpeg,1,1
594.jpeg,0,1
2035.jpeg,2,1
101.jpeg,0,1
1484.jpeg,1,1
1292.jpeg,0,1
1575.jpeg,1,1
586.jpeg,0,1
4178.jpeg,1,1
3139.jpeg,1,1
2208.jpeg,1,1
345.jpeg,0,1
4606.jpeg,2,1
57.jpeg,3,1
134.jpeg,0,1
1092.jpeg,0,1
1672.jpeg,2,1
3187.jpeg,2,1
3937.jpeg,2,1
2953.jpeg,2,1
4570.jpeg,1,1
5015.jpeg,2,1
4935.jpeg,1,1
2681.jpeg,1,1
2382.jpeg,1,1
861.jpeg,0,1
4291.jpeg,1,1
742.jpeg,0,1
4461.jpeg,1,1
4318.jpeg,1,1
1990.jpeg,1,1
3816.jpeg,1,1
982.jpeg,0,1
1143.jpeg,0,1
3253.jpeg,1,1
2993.jpeg,1,1
5370.jpeg,0,1
5748.jpeg,1,1
5901.jpeg,2,1
2746.jpeg,1,1
302.jpeg,0,1
5812.jpeg,2,1
1715.jpeg,1,1
3849.jpeg,1,1
3957.jpeg,1,1
5597.jpeg,1,1
848.jpeg,0,1
3892.jpeg,2,1
4368.jpeg,2,1
5075.jpeg,1,1
387.jpeg,0,1
5176.jpeg,1,1
357.jpeg,0,1
3207.jpeg,1,1
1154.jpeg,0,1
2970.jpeg,1,1
1174.jpeg,0,1
4651.jpeg,1,1
4169.jpeg,0,1
5631.jpeg,1,1
5102.jpeg,1,1
5576.jpeg,1,1
5283.jpeg,0,1
2997.jpeg,1,1
469.jpeg,0,1
640.jpeg,0,1
3506.jpeg,1,1
5733.jpeg,1,1
2610.jpeg,2,1
2113.jpeg,1,1
3388.jpeg,1,1
1661.jpeg,1,1
3227.jpeg,2,1
4002.jpeg,1,1
2463.jpeg,1,1
1639.jpeg,2,1
5734.jpeg,1,1
161.jpeg,0,1
4251.jpeg,2,1
150.jpeg,0,1
4581.jpeg,1,1
5044.jpeg,1,1
4649.jpeg,2,1
4788.jpeg,1,1
440.jpeg,0,1
4389.jpeg,0,1
2529.jpeg,2,1
252.jpeg,0,1
891.jpeg,0,1
3928.jpeg,1,1
3879.jpeg,1,1
3305.jpeg,1,1
3713.jpeg,1,1
1256.jpeg,0,1
5398.jpeg,0,1
5774.jpeg,1,1
3558.jpeg,1,1
277.jpeg,0,1
2594.jpeg,2,1
3478.jpeg,1,1
707.jpeg,0,1
4617.jpeg,2,1
1130.jpeg,0,1
5617.jpeg,1,1
506.jpeg,0,1
4321.jpeg,1,1
1315.jpeg,0,1
4741.jpeg,1,1
1829.jpeg,1,1
3475.jpeg,1,1
585.jpeg,0,1
3752.jpeg,1,1
878.jpeg,0,1
5577.jpeg,1,1
2201.jpeg,2,1
556.jpeg,0,1
599.jpeg,0,1
3264.jpeg,1,1
2605.jpeg,2,1
5127.jpeg,2,1
1375.jpeg,0,1
3069.jpeg,1,1
3191.jpeg,1,1
1769.jpeg,2,1
310.jpeg,0,1
1757.jpeg,1,1
28.jpeg,3,1
82.jpeg,0,1
392.jpeg,0,1
3470.jpeg,1,1
4480.jpeg,1,1
5588.jpeg,1,1
3043.jpeg,1,1
3198.jpeg,2,1
5414.jpeg,0,1
1121.jpeg,0,1
3574.jpeg,2,1
380.jpeg,0,1
860.jpeg,0,1
4204.jpeg,1,1
2943.jpeg,1,1
473.jpeg,0,1
4395.jpeg,1,1
218.jpeg,0,1
701.jpeg,0,1
2731.jpeg,1,1
2752.jpeg,1,1
5067.jpeg,1,1
4669.jpeg,2,1
3993.jpeg,1,1
2322.jpeg,1,1
5491.jpeg,0,1
60.jpeg,0,1
4447.jpeg,1,1
2532.jpeg,2,1
1944.jpeg,2,1
4584.jpeg,1,1
3571.jpeg,2,1
5755.jpeg,1,1
3595.jpeg,1,1
925.jpeg,0,1
4567.jpeg,2,1
752.jpeg,0,1
4511.jpeg,2,1
5290.jpeg,0,1
3373.jpeg,0,1
2475.jpeg,1,1
3923.jpeg,1,1
5892.jpeg,2,1
2796.jpeg,1,1
1681.jpeg,2,1
4940.jpeg,1,1
3534.jpeg,1,1
1470.jpeg,0,1
4761.jpeg,1,1
2940.jpeg,2,1
3800.jpeg,1,1
5838.jpeg,2,1
784.jpeg,0,1
2313.jpeg,2,1
516.jpeg,0,1
950.jpeg,0,1
3938.jpeg,1,1
3547.jpeg,1,1
4843.jpeg,2,1
4124.jpeg,1,1
1088.jpeg,0,1
307.jpeg,0,1
4221.jpeg,1,1
4914.jpeg,1,1
3009.jpeg,1,1
4384.jpeg,1,1
2392.jpeg,1,1
261.jpeg,0,1
4464.jpeg,1,1
2679.jpeg,2,1
2976.jpeg,1,1
4156.jpeg,2,1
5587.jpeg,1,1
2267.jpeg,1,1
2252.jpeg,1,1
5126.jpeg,1,1
1316.jpeg,0,1
2824.jpeg,1,1
3082.jpeg,1,1
3053.jpeg,1,1
1467.jpeg,1,1
5105.jpeg,2,1
3599.jpeg,1,1
3351.jpeg,1,1
5476.jpeg,0,1
2121.jpeg,1,1
396.jpeg,0,1
3779.jpeg,1,1
692.jpeg,0,1
5010.jpeg,1,1
5240.jpeg,1,1
2504.jpeg,2,1
2626.jpeg,1,1
916.jpeg,0,1
5140.jpeg,1,1
4662.jpeg,1,1
2068.jpeg,1,1
4924.jpeg,1,1
5785.jpeg,2,1
2717.jpeg,2,1
628.jpeg,0,1
3394.jpeg,1,1
4985.jpeg,1,1
4653.jpeg,2,1
3341.jpeg,1,1
1737.jpeg,2,1
2448.jpeg,1,1
3440.jpeg,1,1
2706.jpeg,1,1
3237.jpeg,0,1
5450.jpeg,2,1
4042.jpeg,1,1
3488.jpeg,2,1
5123.jpeg,2,1
3818.jpeg,1,1
5417.jpeg,0,1
2349.jpeg,1,1
4247.jpeg,1,1
5092.jpeg,1,1
2410.jpeg,1,1
2612.jpeg,1,1
2156.jpeg,1,1
3321.jpeg,1,1
2336.jpeg,1,1
3122.jpeg,1,1
3670.jpeg,2,1
1633.jpeg,1,1
2935.jpeg,1,1
2501.jpeg,2,1
5705.jpeg,1,1
3164.jpeg,2,1
5500.jpeg,0,1
1916.jpeg,2,1
915.jpeg,0,1
1445.jpeg,1,1
547.jpeg,0,1
1807.jpeg,2,1
5698.jpeg,1,1
2547.jpeg,2,1
745.jpeg,0,1
5879.jpeg,2,1
4071.jpeg,1,1
1298.jpeg,0,1
1693.jpeg,2,1
4442.jpeg,1,1
1129.jpeg,0,1
1889.jpeg,1,1
1288.jpeg,0,1
2676.jpeg,2,1
4181.jpeg,1,1
2345.jpeg,1,1
3345.jpeg,1,1
5416.jpeg,0,1
4874.jpeg,1,1
1624.jpeg,1,1
356.jpeg,0,1
2385.jpeg,1,1
2781.jpeg,2,1
113.jpeg,0,1
2353.jpeg,2,1
3969.jpeg,1,1
3005.jpeg,1,1
974.jpeg,0,1
2010.jpeg,2,1
5099.jpeg,1,1
1909.jpeg,1,1
2520.jpeg,1,1
2125.jpeg,1,1
2772.jpeg,1,1
5816.jpeg,2,1
4689.jpeg,1,1
4413.jpeg,2,1
118.jpeg,0,1
2713.jpeg,1,1
2966.jpeg,1,1
5833.jpeg,2,1
125.jpeg,0,1
5490.jpeg,1,1
5779.jpeg,2,1
1428.jpeg,1,1
2006.jpeg,1,1
1591.jpeg,2,1
4284.jpeg,1,1
128.jpeg,0,1
2733.jpeg,1,1
4615.jpeg,1,1
5255.jpeg,2,1
5301.jpeg,0,1
1357.jpeg,0,1
5230.jpeg,2,1
1280.jpeg,0,1
390.jpeg,0,1
789.jpeg,0,1
2710.jpeg,1,1
3990.jpeg,1,1
2131.jpeg,1,1
3695.jpeg,2,1
4186.jpeg,1,1
1015.jpeg,0,1
3728.jpeg,1,1
971.jpeg,0,1
195.jpeg,0,1
1813.jpeg,1,1
837.jpeg,0,1
808.jpeg,0,1
4276.jpeg,2,1
4356.jpeg,1,1
3325.jpeg,1,1
3555.jpeg,2,1
1687.jpeg,0,1
4120.jpeg,1,1
3074.jpeg,1,1
3326.jpeg,1,1
5224.jpeg,1,1
2509.jpeg,1,1
1491.jpeg,1,1
673.jpeg,0,1
5111.jpeg,1,1
3521.jpeg,1,1
3389.jpeg,1,1
2261.jpeg,2,1
38.jpeg,3,1
5243.jpeg,1,1
5144.jpeg,1,1
1462.jpeg,1,1
542.jpeg,0,1
4702.jpeg,1,1
3023.jpeg,1,1
408.jpeg,0,1
4355.jpeg,1,1
5173.jpeg,1,1
242.jpeg,0,1
515.jpeg,0,1
4365.jpeg,1,1
4507.jpeg,1,1
3468.jpeg,1,1
4628.jpeg,2,1
885.jpeg,0,1
2470.jpeg,2,1
751.jpeg,0,1
1904.jpeg,2,1
708.jpeg,0,1
3642.jpeg,1,1
2861.jpeg,1,1
1205.jpeg,0,1
2205.jpeg,2,1
97.jpeg,0,1
1059.jpeg,0,1
3332.jpeg,1,1
3126.jpeg,1,1
697.jpeg,0,1
4056.jpeg,2,1
4345.jpeg,1,1
5070.jpeg,1,1
999.jpeg,0,1
687.jpeg,0,1
2985.jpeg,2,1
5300.jpeg,0,1
4023.jpeg,2,1
3935.jpeg,2,1
119.jpeg,0,1
3997.jpeg,1,1
3462.jpeg,1,1
4533.jpeg,1,1
3137.jpeg,1,1
5265.jpeg,1,1
4818.jpeg,1,1
2902.jpeg,1,1
2314.jpeg,2,1
3352.jpeg,1,1
1339.jpeg,0,1
2434.jpeg,2,1
4990.jpeg,0,1
3675.jpeg,1,1
3608.jpeg,2,1
1014.jpeg,0,1
4852.jpeg,2,1
1425.jpeg,1,1
895.jpeg,0,1
1953.jpeg,1,1
5347.jpeg,0,1
3954.jpeg,1,1
5439.jpeg,2,1
4366.jpeg,1,1
2577.jpeg,2,1
2941.jpeg,1,1
2225.jpeg,2,1
2702.jpeg,1,1
3411.jpeg,0,1
5648.jpeg,1,1
3802.jpeg,1,1
1289.jpeg,0,1
3703.jpeg,1,1
1989.jpeg,2,1
3148.jpeg,2,1
3097.jpeg,2,1
2740.jpeg,1,1
2523.jpeg,1,1
4786.jpeg,1,1
2816.jpeg,1,1
1172.jpeg,0,1
3612.jpeg,1,1
901.jpeg,0,1
4936.jpeg,1,1
2178.jpeg,2,1
5327.jpeg,0,1
2400.jpeg,0,1
5654.jpeg,1,1
5609.jpeg,1,1
5832.jpeg,2,1
4861.jpeg,2,1
5586.jpeg,1,1
198.jpeg,0,1
153.jpeg,0,1
2864.jpeg,1,1
42.png,3,1
3193.jpeg,1,1
5519.jpeg,2,1
4954.jpeg,1,1
5157.jpeg,2,1
405.jpeg,0,1
2042.jpeg,1,1
458.jpeg,0,1
3527.jpeg,1,1
3111.jpeg,2,1
2204.jpeg,2,1
1880.jpeg,1,1
4401.jpeg,1,1
131.jpeg,0,1
614.jpeg,0,1
114.jpeg,0,1
1490.jpeg,1,1
4816.jpeg,2,1
1414.jpeg,1,1
1596.jpeg,0,1
4501.jpeg,1,1
453.jpeg,0,1
665.jpeg,0,1
1675.jpeg,2,1
4338.jpeg,1,1
4425.jpeg,2,1
5471.jpeg,0,1
4478.jpeg,2,1
4155.jpeg,1,1
4117.jpeg,2,1
2237.jpeg,2,1
3047.jpeg,1,1
571.jpeg,0,1
251.jpeg,0,1
2062.jpeg,2,1
1997.jpeg,1,1
4484.jpeg,1,1
2811.jpeg,1,1
228.jpeg,0,1
2040.jpeg,2,1
4360.jpeg,1,1
3416.jpeg,1,1
2689.jpeg,1,1
3512.jpeg,1,1
4403.jpeg,1,1
3250.jpeg,1,1
3959.jpeg,1,1
1405.jpeg,1,1
3181.jpeg,1,1
2021.jpeg,1,1
4008.jpeg,1,1
5823.jpeg,2,1
2853.jpeg,1,1
5843.jpeg,1,1
1759.jpeg,2,1
1313.jpeg,0,1
2212.jpeg,1,1
4906.jpeg,1,1
3020.jpeg,1,1
3048.jpeg,1,1
2057.jpeg,1,1
1049.jpeg,0,1
2453.jpeg,1,1
1604.jpeg,1,1
3998.jpeg,1,1
3441.jpeg,1,1
2789.jpeg,2,1
5889.jpeg,2,1
5403.jpeg,0,1
2045.jpeg,1,1
5878.jpeg,2,1
3577.jpeg,1,1
1937.jpeg,1,1
3428.jpeg,1,1
5464.jpeg,0,1
4885.jpeg,0,1
5074.jpeg,2,1
3234.jpeg,0,1
3131.jpeg,1,1
960.jpeg,0,1
815.jpeg,0,1
4967.jpeg,1,1
5656.jpeg,2,1
773.jpeg,0,1
3922.jpeg,1,1
3594.jpeg,1,1
1709.jpeg,1,1
562.jpeg,0,1
1346.jpeg,0,1
2087.jpeg,1,1
2931.jpeg,1,1
3419.jpeg,1,1
2633.jpeg,2,1
2960.jpeg,1,1
250.jpeg,0,1
2384.jpeg,1,1
3891.jpeg,2,1
1816.jpeg,1,1
1069.jpeg,0,1
5682.jpeg,1,1
3240.jpeg,2,1
2586.jpeg,2,1
882.jpeg,0,1
3648.jpeg,1,1
2514.jpeg,1,1
2085.jpeg,1,1
1573.jpeg,1,1
2840.jpeg,1,1
1003.jpeg,0,1
5568.jpeg,1,1
3199.jpeg,2,1
3186.jpeg,1,1
589.jpeg,0,1
3732.jpeg,2,1
4523.jpeg,2,1
2203.jpeg,1,1
1208.jpeg,0,1
4680.jpeg,1,1
2916.jpeg,2,1
3790.jpeg,1,1
1864.jpeg,1,1
4784.jpeg,1,1
5419.jpeg,0,1
2441.jpeg,1,1
296.jpeg,0,1
4048.jpeg,1,1
1140.jpeg,0,1
977.jpeg,0,1
1236.jpeg,0,1
3650.jpeg,1,1
5474.jpeg,0,1
232.jpeg,0,1
1924.jpeg,2,1
3722.jpeg,1,1
5775.jpeg,1,1
597.jpeg,0,1
5239.jpeg,2,1
1272.jpeg,0,1
4036.jpeg,1,1
4277.jpeg,1,1
84.jpeg,0,1
3382.jpeg,1,1
2386.jpeg,1,1
5217.jpeg,1,1
962.jpeg,0,1
1203.jpeg,0,1
1615.jpeg,2,1
264.jpeg,0,1
4272.jpeg,1,1
5459.jpeg,0,1
838.jpeg,0,1
1421.jpeg,1,1
735.jpeg,0,1
5436.jpeg,2,1
5320.jpeg,0,1
1433.jpeg,2,1
1363.jpeg,2,1
4957.jpeg,0,1
4907.jpeg,1,1
1877.jpeg,1,1
2880.jpeg,1,1
3767.jpeg,1,1
4902.jpeg,2,1
1051.jpeg,0,1
5090.jpeg,2,1
5228.jpeg,1,1
1447.jpeg,1,1
3778.jpeg,1,1
1848.jpeg,1,1
1869.jpeg,2,1
4314.jpeg,1,1
5160.jpeg,1,1
4112.jpeg,1,1
740.jpeg,0,1
5072.jpeg,1,1
2899.jpeg,2,1
3798.jpeg,1,1
2181.jpeg,1,1
1770.jpeg,1,1
4743.jpeg,1,1
715.jpeg,0,1
2480.jpeg,2,1
1772.jpeg,2,1
3379.jpeg,2,1
650.jpeg,0,1
5174.jpeg,1,1
1458.jpeg,1,1
3493.jpeg,1,1
263.jpeg,0,1
5560.jpeg,1,1
3132.jpeg,1,1
1225.jpeg,0,1
3089.jpeg,1,1
47.png,3,1
3437.jpeg,1,1
5425.jpeg,0,1
1678.jpeg,1,1
572.jpeg,0,1
889.jpeg,0,1
3368.jpeg,1,1
1753.jpeg,2,1
4122.jpeg,2,1
987.jpeg,0,1
5231.jpeg,1,1
4688.jpeg,2,1
4374.jpeg,1,1
3737.jpeg,2,1
5551.jpeg,1,1
1095.jpeg,0,1
4749.jpeg,1,1
3807.jpeg,1,1
74.jpeg,0,1
2279.jpeg,2,1
388.jpeg,0,1
766.jpeg,0,1
492.jpeg,0,1
4813.jpeg,2,1
4931.jpeg,0,1
1562.jpeg,2,1
2389.jpeg,1,1
422.jpeg,0,1
4992.jpeg,1,1
5028.jpeg,1,1
4148.jpeg,2,1
1436.jpeg,1,1
4767.jpeg,1,1
